fips,cancer_incidence_rate_per_100000,cancer_mortality_rate_per_100000,breast_cancer_incidence_rate_per_100000,breast_cancer_mortality_rate_per_100000,cervical_cancer_incidence_rate_per_100000,cervical_cancer_mortality_rate_per_100000,colorectal_cancer_incidence_rate_per_100000,colorectal_cancer_mortality_rate_per_100000,lung_cancer_incidence_rate_per_100000,lung_cancer_mortality_rate_per_100000,prostate_cancer_incidence_rate_per_100000,prostate_cancer_mortality_rate_per_100000,melanoma_cancer_incidence_rate_per_100000,melanoma_cancer_mortality_rate_per_100000,colorectal_screening_percent,smoking_percent,hpv_vaccine_percent
1,451.5,173.42,121.6,21.54,9.4,3.46,43.6,15.46,64.9,48.55,121.1,20.97,21.6,2.38,76.07,43.94,34.9
2,417.2,152.62,120.8,18.8,7.1,1.65,42.6,15.05,55.8,36.59,83.6,18.57,14.4,2.19,68.36,43.22,32.3
4,386.7,137.88,114.4,18.47,6.5,2.1,32.6,12.62,46.8,31.32,79.2,17.32,24.5,2.48,75.32,40.35,39.9
5,472.8,177.63,118.2,20.33,9.5,3.43,44.1,15.59,77.2,52.8,112.4,18.42,21.7,2.12,73.39,47.06,26.8
6,404.6,140.3,121.5,19.35,7.2,2.24,35.1,12.5,41.5,28.08,93.0,19.86,22.9,2.06,75.6,33.45,38.8
8,399.1,133.89,127.6,18.9,6.2,1.53,33.2,11.78,41.4,26.48,92.6,21.36,22.3,2.64,76.11,40.43,40.0
9,470.6,141.16,140.5,17.43,6.1,1.35,35.3,10.69,59.6,33.15,111.3,17.79,20.4,2.07,80.21,39.47,31.8
10,488.2,164.83,134.7,21.44,7.8,2.53,37.9,13.27,66.9,43.18,124.5,17.16,29.5,2.78,79.32,42.27,39.3
11,429.1,160.41,139.4,26.2,8.8,2.7,38.4,15.15,46.6,30.4,127.4,28.25,10.2,1.03,78.63,34.72,53.3
12,457.1,147.29,118.3,18.82,8.9,2.6,36.3,12.89,57.7,37.45,93.9,16.56,24.8,2.38,77.86,41.89,30.4
13,467.0,159.64,126.8,21.6,7.8,2.29,41.3,14.89,62.8,40.91,124.2,21.71,26.7,2.19,74.6,37.64,33.2
15,416.5,130.11,138.9,16.07,6.8,1.6,41.3,11.78,45.7,29.29,88.2,15.04,21.8,1.41,79.4,39.4,44.4
16,442.2,153.26,126.7,21.54,6.5,1.78,35.3,13.01,49.5,32.38,105.3,23.08,28.1,2.9,74.48,38.19,27.3
17,465.5,161.67,133.1,21.03,7.7,2.3,42.5,14.71,63.7,41.12,109.1,19.98,20.4,2.07,72.62,38.29,37.0
18,459.3,172.86,122.9,20.76,8.2,2.53,42.6,15.08,72.2,48.75,94.2,19.55,21.7,2.5,74.48,45.03,36.0
19,479.0,160.73,128.9,18.57,7.5,1.9,43.7,14.39,63.3,41.32,107.7,20.01,27.3,2.61,77.13,41.03,37.5
20,452.4,160.77,126.0,19.81,7.6,2.36,39.1,14.65,56.2,41.64,108.3,18.72,26.6,2.66,74.71,41.85,28.1
21,519.6,191.19,126.7,20.95,9.6,2.64,48.3,16.55,91.0,60.39,104.1,19.26,27.3,2.88,75.28,50.4,30.4
22,481.0,176.07,125.9,22.82,9.1,3.06,45.1,16.37,66.2,47.54,131.2,20.5,17.6,1.7,75.32,43.17,35.2
23,474.3,169.2,127.4,17.97,5.9,1.57,36.7,12.88,72.1,46.67,88.1,19.23,26.2,2.56,81.43,49.73,33.7
24,453.8,155.08,132.9,21.73,6.6,1.93,36.4,13.7,56.4,37.22,124.7,20.02,24.0,1.87,78.9,36.02,42.2
25,452.7,149.85,137.9,17.29,5.2,1.08,35.2,11.59,61.2,37.11,102.4,18.34,22.2,2.32,80.93,38.5,45.4
26,448.8,165.89,122.6,20.83,6.7,1.97,37.5,13.71,63.3,44.12,106.4,18.68,20.1,2.2,80.22,45.38,39.0
27,467.4,149.12,132.5,17.68,5.5,1.29,38.0,12.21,56.1,35.18,108.9,19.88,31.7,2.17,79.34,41.05,39.4
28,470.6,186.51,118.0,23.17,9.4,3.27,47.9,18.01,74.9,52.77,128.1,24.43,17.8,2.19,69.66,42.85,19.1
29,454.9,169.8,130.5,20.93,8.0,2.4,40.5,14.48,72.0,48.67,91.4,17.64,19.5,2.58,75.46,44.08,26.1
30,459.7,151.13,128.5,18.92,6.8,1.56,38.3,13.14,53.7,35.93,118.4,22.29,27.5,2.65,72.01,44.48,31.9
31,461.9,154.93,127.4,19.57,7.8,2.22,42.7,14.73,57.2,37.88,116.9,18.09,26.4,2.51,74.88,39.73,44.9
32,397.2,157.15,113.5,21.6,9.0,2.59,36.0,15.86,53.3,39.29,85.5,19.04,16.9,2.57,67.62,41.46,35.9
33,482.4,155.98,144.7,18.33,4.7,1.33,36.6,12.52,63.7,41.08,109.2,18.62,32.1,2.76,81.62,45.18,38.6
34,485.9,148.4,136.6,20.86,7.7,2.07,40.8,13.73,55.3,33.66,131.3,17.62,22.2,2.07,72.6,37.06,30.0
35,374.9,140.0,111.8,19.72,8.2,2.26,33.1,13.3,38.5,26.84,82.8,19.31,16.0,2.25,69.91,40.71,38.6
36,485.2,144.74,132.8,19.08,7.8,2.11,38.7,12.6,58.7,33.59,125.0,17.82,18.3,1.73,75.79,36.31,41.7
37,468.4,161.46,134.0,20.89,7.1,2.02,37.0,13.33,67.7,44.1,117.4,19.87,26.0,2.31,77.08,43.03,33.5
38,453.8,147.04,128.6,17.97,5.5,1.21,43.1,13.03,57.7,35.07,113.5,19.32,23.6,2.09,73.19,42.73,50.9
39,465.3,172.33,128.9,21.88,7.9,2.26,41.4,15.14,67.9,46.72,104.2,19.31,23.8,2.65,74.42,45.77,31.2
40,449.8,179.4,122.8,22.66,9.2,3.21,41.7,16.71,67.4,50.0,93.9,20.11,22.2,2.77,70.26,44.52,26.9
41,434.3,156.95,125.5,19.73,7.0,2.06,34.6,12.76,54.1,36.62,93.3,20.87,27.5,2.5,78.71,43.12,36.6
42,484.6,163.43,132.3,21.01,7.3,2.05,41.1,14.54,63.5,40.76,103.7,18.57,24.3,2.45,75.73,42.86,37.7
44,473.6,158.63,137.9,17.62,7.1,1.51,33.6,12.34,70.3,42.24,98.6,18.21,23.7,2.34,80.64,42.16,52.9
45,454.1,165.14,129.9,21.63,7.9,2.49,37.8,13.96,64.4,42.72,114.5,21.49,23.6,2.17,77.34,43.59,28.0
46,459.1,156.86,128.3,18.95,7.3,1.69,41.8,15.69,59.0,39.29,114.8,19.16,25.4,2.7,75.16,44.17,34.7
47,463.3,177.36,122.6,21.95,8.4,2.73,40.0,15.05,74.5,51.29,111.5,19.67,20.3,2.74,75.55,45.49,26.3
48,407.7,148.78,112.8,19.84,9.2,2.88,37.6,13.92,50.6,34.12,94.0,17.62,13.1,1.92,67.37,36.08,29.8
49,402.3,123.86,114.4,20.06,5.4,1.35,29.8,10.94,26.0,18.06,112.8,20.38,40.4,2.91,74.72,24.95,32.1
50,454.4,162.79,131.3,18.03,4.3,1.05,34.4,14.63,61.1,41.45,87.1,19.65,37.6,2.37,79.16,44.05,38.5
51,416.1,155.68,127.4,21.46,6.0,1.86,35.2,13.62,56.4,38.79,99.6,19.73,20.2,2.31,75.17,37.78,39.9
53,446.2,151.91,134.3,19.71,6.7,1.58,35.5,12.11,54.0,35.47,98.7,20.33,26.1,2.58,79.73,38.11,32.7
54,478.9,184.3,117.5,21.94,9.2,2.7,46.5,17.48,79.8,53.55,92.1,16.98,21.4,2.97,74.03,49.54,30.3
55,464.5,157.27,131.5,18.85,6.4,1.61,36.6,12.79,59.1,38.55,109.3,20.65,24.0,2.42,80.01,42.72,37.7
56,400.6,139.45,112.5,18.23,6.4,1.91,32.5,11.97,42.2,30.9,108.1,16.91,22.9,3.24,66.96,45.14,24.5
